{
	"Results": {
		"Bardcode": [],
		"Classifier": [],
		"Detector": [],
		"Fiducial": [
			{
				"fID": 1,
				"fam": "36H11C",
				"pts": [],
				"skew": [],
				"t6c_ts": [
					-0.5648001790120617,
					-0.14261741708268394,
					-1.4267391807572987,
					-7.174658998481435,
					15.956981538598653,
					-1.2321247588261575
				],
				"t6r_fs": [
					6.584360498714105,
					-2.34141081396012,
					1.498469417082684,
					-1.1932064966231046,
					6.834410819746546,
					-76.10262702331612
				],
				"t6r_ts": [
					-0.5648001790120617,
					-0.14261741708268394,
					-1.4267391807572987,
					-7.174658998481435,
					15.956981538598653,
					-1.2321247588261575
				],
				"t6t_cs": [
					0.14773063264171785,
					-0.03709082055307381,
					1.5335330420259545,
					7.11069364602976,
					-15.984989107977404,
					-0.7744025208133966
				],
				"t6t_rs": [
					0.14773063264171785,
					-0.03709082055307381,
					1.5335330420259545,
					7.11069364602976,
					-15.984989107977404,
					-0.7744025208133966
				],
				"ta": 0.008213948458433151,
				"tx": 3.867092013630341,
				"txp": 354.77789306640625,
				"ty": 1.933790856611509,
				"typ": 221.9652862548828
			}
		],
		"Retro": [],
		"botpose": [
			6.584359542563622,
			-2.3414100851737034,
			1.4984692131693182,
			-1.1932072513022123,
			6.834402354426159,
			-76.10260068992538
		],
		"botpose_wpiblue": [
			14.855234542563622,
			1.6654399148262966,
			1.4984692131693182,
			-1.1932072513022123,
			6.834402354426159,
			-76.10260068992538
		],
		"botpose_wpired": [
			1.6865216705781059,
			6.348277557362484,
			1.4984692131693182,
			-1.1932072513022123,
			6.834402354426159,
			103.89724727058324
		],
		"cl": 16.275556564331055,
		"pID": 0.0,
		"t6c_rs": [
			0.0,
			0.0,
			0.0,
			0.0,
			0.0,
			-0.0
		],
		"tl": 20.476350784301758,
		"ts": 717401.4958489999,
		"v": 1
	}
}